3,300105,8446173400
3,787,6270698900
3,601001,44384800100
3,932,53691509400
3,601958,45163299500
3,594,54806815200
3,601969,3607853600
3,603898,837309300
3,601088,60685820200
3,601268,9368943000
2.978456014,2128,14993604400
2.964636542,601898,72782549700
2.782051282,601015,3609957700
2.532765957,600219,62624777300
2.416,2155,43532400100
2.189940437,780,32522842600
2.075391181,601168,78138355900
1.967545639,601101,20396336300
1.849616858,600997,39198244400
1.79491833,2313,8502209700
1.793478261,2736,20202314900
1.63267148,600971,32043273300
1.611650485,601226,4572254300
1.579247434,2110,9691641200
1.560227273,601005,47759649400
1.555060471,600237,32335658000
1.519480519,603869,1087216600
1.489583333,603686,1077013900
1.443683409,600031,1.20751E+11
1.414054054,2122,24945506600
1.388888889,603828,546607000
1.322937626,601991,50585982900
1.168023256,600028,3.16669E+11
1.136363636,601985,49535957600
1.088607595,601225,23446470900
1.08373591,959,47461790500
1.078833693,725,3.92289E+11
1.0625,603012,1747171400
1.054954955,2106,21281808200
1.043841336,601899,2.96383E+11
1.041067762,983,92372207200
1.038878843,601003,22587252500
1.025,600253,14412038200
1,603117,1778723600
0.974895397,2069,15157157700
0.970878578,968,26712699400
0.966666667,603698,1983740200
0.941747573,2204,14825766100
0.919354839,603600,1010452500
0.91355778,933,58662846800
0.91025641,603568,779969700
0.883255219,600123,48982522500
0.858695652,600959,8281713700
0.854807063,600022,86929197900
0.853333333,603616,1193701200
0.833333333,600958,15121723300
0.829056111,937,83453196100
0.810509554,809,22131769800
0.783089863,980,16990451300
0.780858676,2218,14346405500
0.764168886,600121,28358839100
0.753968254,2745,907560600
0.746575342,603017,508560500
0.713458755,300164,5254113300
0.708920188,603111,1692343200
0.702420701,960,39819432900
0.695652174,601117,70993821400
0.685302838,600018,1.17612E+11
0.668393782,601016,6159489200
0.665338645,300157,11134419400
0.658376963,601118,64384208100
0.653820149,683,42990613100
0.63800578,2109,12424645300
0.63187251,601918,66572969600
0.601317957,2225,16327461800
0.600864074,600069,44880320300
0.591620821,600311,50208448900
0.591397849,2731,1001994700
0.590049751,600078,50404664400
0.589928058,603939,1090778500
0.588709677,300148,10330101000
0.571428571,603025,1273058500
0.565217391,600295,17348089300
0.563080495,600256,1.49777E+11
0.56097561,603116,1259501700
0.551792829,898,85662744500
0.546351085,792,22994178300
0.539278132,601919,90732065000
0.535087719,2752,1559228200
0.532467532,603899,897916300
0.529032258,603678,461043600
0.52173913,603166,1966479500
0.516072059,600190,25518328400
0.514365802,2140,6695004500
0.511666667,603002,9253177000
0.506361323,300169,3912692600
0.50624025,2237,30264669600
0.505108557,600132,19081944000
0.504792332,918,20405453100
0.503960396,300029,8313196400
0.503928571,935,16034878200
0.502205419,601111,94469363800
0.5,601211,15144966100
0.497971919,59,38507180600
0.495183044,2082,9088123800
0.493997175,600005,1.90758E+11
0.49315515,600127,50421681600
0.491148776,600282,59935611800
0.488732807,597,20905177400
0.486946652,157,2.02758E+11
0.477536232,600230,13220624500
0.476843467,600808,1.46721E+11
0.474391805,2092,37362826100
0.47073321,600096,25910087600
0.470510272,825,1.137E+11
0.468599034,878,49233410100
0.464313725,2269,30844440200
0.463247863,912,22185387000
0.45622688,600117,33243336300
0.455,655,23033921300
0.453794528,600854,23550810400
0.453688658,862,17832979100
0.453358209,600307,94085808200
0.45081562,2015,14246231000
0.44830887,600188,1.02926E+11
0.447916667,601968,4765981000
0.446024892,600819,13637991100
0.446002805,962,25375560100
0.444444444,2083,31812152800
0.443872297,300080,10876970200
0.441666667,603567,1253483900
0.441260745,603699,3321378200
0.439172749,300194,1726954900
0.435185185,600890,18658096100
0.43229936,600961,23603258900
0.428820961,601107,25150126500
0.426966292,603979,1823634500
0.426198257,600875,45486306500
0.425339367,603169,7012414000
0.417218543,603969,2053841100
0.415519766,709,1.70402E+11
0.411428571,600963,38798852800
0.410939187,600281,19990277100
0.410861865,601258,62110686100
0.41025641,981,3973252900
0.406146728,927,34772684300
0.405660377,2753,447935500
0.396914446,601231,12654963500
0.396694215,603806,1197205000
0.395944804,629,2.05665E+11
0.391318977,600223,24229613900
0.388888889,603808,724057000
0.384411277,951,12075781500
0.3814373,900947,20021910700
0.379492252,600145,20631934500
0.37947494,300228,5585112700
0.379226317,882,32886877100
0.377647059,601208,10069578500
0.376728111,601218,17455830100
0.373913043,603968,989797500
0.373913043,603989,1183731200
0.37025641,601177,5477882700
0.369433755,608,32641389300
0.366858238,300082,9209751300
0.366035857,600970,28667206000
0.365763195,799,18604988400
0.363306085,601179,49640668400
0.363013699,603030,1068409000
0.356498195,300022,15280167000
0.354765751,600216,44040408300
0.350230415,603011,891514700
0.344519016,601006,1.29658E+11
0.34439834,822,42353987300
0.343770385,601099,97389716100
0.343201377,600019,2.0878E+11
0.342342342,603669,1034796700
0.341836735,2297,11176681400
0.341187132,600143,65885761700
0.340860471,600844,22770494700
0.340686959,751,82541201700
0.34026465,300086,7800186600
0.338669178,600141,23209542900
0.335636154,2088,5357011000
0.334510358,600810,23598433600
0.333754741,2167,27368809300
0.332785808,601188,26423631100
0.331900027,633,13204277100
0.330788804,600023,39970366500
0.32293472,2097,25349315600
0.322570229,600227,42884709200
0.32,2747,604846000
0.319429778,612,51139534600
0.318524096,600026,52119808200
0.318181818,603088,680926500
0.316326531,603588,584921600
0.314437555,600966,54737989200
0.313186813,2740,544231400
0.309906292,159,32523236700
0.307692308,601992,31201222000
0.306859206,603100,3678534600
0.306561946,600888,26031316000
0.306378704,600880,60804346400
0.305273583,600870,17902762700
0.304347826,601021,1812593800
0.302643044,600199,42319577700
0.302083333,603838,994677700
0.301432665,601002,37697670400
0.3,603688,1713628000
0.298999411,813,13357867900
0.296875,2738,1115725300
0.296296296,2762,223518900
0.295652174,2759,491333600
0.294420861,931,45596991000
0.293740458,921,14948907000
0.29015544,2737,1337479700
0.289496911,2029,23207495800
0.289473684,603729,288809000
0.289295193,877,44499137600
0.289214127,600231,39322773300
0.286162699,682,60487296700
0.28424015,300102,13847537300
0.283842795,603019,1563659800
0.281758958,869,5027558700
0.281073446,601965,9429588100
0.279029463,601008,32427924700
0.277192982,603126,5861709000
0.274358974,603555,3316875600
0.2728982,600111,2.34724E+11
0.270491803,603606,2489459100
0.27,2771,432717600
0.268907563,603108,284661300
0.268693764,600225,20662251500
0.267613973,2150,6503087000
0.267285862,601199,3110611400
0.267156863,900921,6311667300
0.26146789,603518,682283700
0.261068702,635,12630422500
0.259259259,300226,5069182900
0.258703939,636,37872971500
0.257972518,707,36060077000
0.256462387,897,86528344600
0.256154565,969,38136146000
0.255346727,2240,17889415000
0.25529661,300111,35427758500
0.254895866,600258,7700693000
0.254370102,600239,41842600600
0.252771619,600839,2.32197E+11
0.250402576,2302,6089569700
0.25,603818,3125704400
0.248920086,2077,9065103700
0.24820431,759,25822986300
0.24617737,2277,21075904600
0.245298446,601139,12703636400
0.24375,603519,527147900
0.243589744,603005,1573412700
0.243243243,2765,1304349300
0.242890085,758,56061940300
0.242774566,601198,12614559000
0.242105263,2734,983294000
0.241463415,600168,18313378100
0.239766082,603997,1668961800
0.238828968,600259,11745316500
0.237762238,300139,6045984500
0.237243556,2071,12840589200
0.237031125,2304,6621746200
0.236067298,2073,30193310400
0.235238988,600308,47521566800
0.234636872,603618,1364138300
0.23289407,698,36472363700
0.231829235,600166,81907834900
0.231209462,600251,37786062700
0.230634573,600859,15321832500
0.230290456,600995,24685571300
0.229712212,900948,37183915800
0.227272727,603118,1500915200
0.226686721,600809,25010016400
0.226672006,600249,25460228900
0.223463687,717,74496524500
0.221870883,761,18074939700
0.221843003,603609,4309875800
0.221833625,680,85463742700
0.21969697,603599,797280000
0.219147759,2132,19948044100
0.21875,2756,723551300
0.217369351,737,35193465900
0.217099567,600858,24235244700
0.215384615,603022,495099700
0.215082315,807,60917602300
0.213062622,603,7411292000
0.212224109,300084,11902395800
0.211538462,603085,816505200
0.211428571,603167,8373542500
0.211340206,300316,9597312000
0.211267606,603789,1275875700
0.211105553,677,41774791100
0.210462287,601929,46073985600
0.209077156,600267,25096908600
0.208970438,601233,13151452400
0.208144796,601028,13446210300
0.20754717,2773,359123900
0.2066787,300125,2597532200
0.205,603788,924491000
0.203958692,601000,36115533400
0.203677905,672,7313018900
0.203252033,300168,10659164800
0.202830189,603889,955668500
0.20078534,858,90999732500
0.2,2755,598217400
0.198380567,603988,621513200
0.197040691,600052,30619654900
0.196551724,603099,2734983500
0.195121951,603020,733895800
0.194927897,652,66460442400
0.194091904,30,13593887600
0.194085487,800,62200424300
0.193737769,925,8883148000
0.193650794,601901,1.26221E+11
0.193548387,2743,1008283300
0.192957343,949,44314393500
0.192482916,300278,5918187700
0.192090395,603015,1352111900
0.191860465,2310,10234511800
0.191842223,300,0
0.191440139,863,9889209400
0.19047619,603918,387238400
0.190252496,965,20534145100
0.18879056,2200,5706935400
0.188169014,2147,6602684600
0.188072195,600159,38842161000
0.187857961,300280,1791610600
0.186440678,603123,3997432400
0.186283318,600293,25205225500
0.185807422,823,35150350000
0.185558174,572,47133227200
0.184520124,2248,7814822600
0.184027778,600095,30503724100
0.183222958,601996,15421580600
0.183095121,600068,1.09752E+11
0.182608696,900933,7584777600
0.182367993,900937,9269525100
0.181818182,603799,2448657000
0.180543383,301,47068649800
0.180170181,600273,22374372800
0.179705655,2160,9576456500
0.178459612,2265,7502599000
0.177304965,982,35575801300
0.175177132,600075,26944022600
0.174099946,600228,21951796400
0.173726212,2255,15243589600
0.173531027,2149,5076585400
0.173219687,600208,84620491400
0.172413793,2102,18970617400
0.172190784,2309,8243764600
0.171314741,833,22975805400
0.170212766,2307,23750705100
0.168304668,603000,19799998600
0.168297456,2061,17660994400
0.167663043,600202,20992549700
0.16712404,895,29474605500
0.166666667,603998,832928900
0.165853659,603601,1092191500
0.165137615,2775,623753600
0.164113786,600084,24190061200
0.164071856,300306,3869942300
0.163897281,2314,11860188300
0.163554046,2194,11217256300
0.163366337,603611,956409900
0.163187856,600792,21359592800
0.163105784,2123,15586210200
0.161968221,657,9772575400
0.161606023,886,46237210500
0.16154045,818,23608137800
0.160275614,600316,38317828100
0.15986142,829,56658700500
0.159818388,595,14066006500
0.159759635,568,42691250700
0.159584742,600089,1.24509E+11
0.159491194,300209,3905675400
0.159405941,601010,24077340800
0.158415842,600091,17271813500
0.15820967,713,26744588100
0.157894737,2749,328032200
0.157264957,300118,14815941200
0.156507414,2168,29293924600
0.156483941,727,28689312800
0.154734411,2296,9808048500
0.154178674,600058,41801105000
0.153333333,2751,870909500
0.152718078,600150,33285505500
0.152097902,600998,9765668400
0.151878497,300077,10824578300
0.151613652,637,19655498800
0.150289017,2748,676426200
0.149805951,620,21257818500
0.149579832,2145,11369880400
0.149151796,600881,1.08593E+11
0.148536831,600812,66292675100
0.1484375,603901,927434300
0.147540984,2761,725944800
0.147237197,600050,5.0678E+11
0.145915247,600877,46764331500
0.145877378,300273,14733870700
0.145585958,600178,19425270900
0.145580589,300135,23261700200
0.145436309,600801,37193442400
0.144927536,300189,23955861800
0.144859813,300298,2674306000
0.144637053,600215,25061004200
0.144329897,2746,1267069900
0.143023256,300295,5050401100
0.142857143,601069,4693034100
0.142719383,300149,7614090100
0.142186767,708,15992302200
0.142028986,300197,8073311600
0.141722194,600198,28554170700
0.141238671,601877,4540809900
0.141225337,300266,5875219200
0.140441387,600298,9489955300
0.140009166,617,12341763600
0.139823009,600309,45817668000
0.139488636,600300,72818299600
0.137988166,703,21971466200
0.1362621,600125,68134737100
0.136107987,970,73374262000
0.135658133,35,10310702200
0.135135135,2770,1567858800
0.135121457,600169,1.07562E+11
0.134920635,2053,8173542300
0.134427173,600246,31750483900
0.134358974,601998,1.21777E+11
0.134163209,603993,84682838300
0.134046747,600269,63689328400
0.133843212,300190,5306988000
0.133159886,729,56632124800
0.132797632,557,36652688800
0.131979695,300123,4701792300
0.131736527,2750,1272757500
0.131525815,995,8373001900
0.131424376,2306,23507057800
0.131241366,553,29520402100
0.130434783,600080,21170718500
0.12987013,603703,434451900
0.128425066,600128,19824311300
0.128342246,2171,9166629900
0.127739985,601989,2.49083E+11
0.12731668,600027,80253057400
0.126714718,736,6012339300
0.126536369,571,49216174100
0.126325088,601126,7817010800
0.126241964,2243,7849230700
0.125976563,601058,15044434000
0.125912409,300142,11650249400
0.125903474,600062,17960166100
0.125812442,601988,4.56038E+11
0.125486381,300216,8382356800
0.12526096,300274,10859266600
0.125237192,300167,5816065800
0.124725275,601999,15408892000
0.124497992,600108,1.22188E+11
0.124306326,300287,13890019200
0.124039939,2024,2.03925E+11
0.123920653,600077,28597362500
0.123595506,600192,20408035200
0.123041651,2006,31760967100
0.122817229,2241,24460152000
0.122727273,601116,4500527300
0.122398002,600299,16317554500
0.122114669,600163,32173101600
0.122073579,601018,70770673700
0.121939624,767,47084114100
0.121330724,300244,3568793400
0.121212121,300184,6568017900
0.120967742,603066,582318700
0.120794078,600030,3.72395E+11
0.120644826,600203,17771158100
0.119799499,850,36322088400
0.119641077,300255,6911237800
0.119601329,600008,64243648000
0.119490175,600220,1.01836E+11
0.119298246,2289,4486901300
0.119190405,601106,1.10627E+11
0.119068162,601880,45807925600
0.118875502,300094,5424900400
0.118246687,601908,20000915700
0.118042485,600268,24602276800
0.117723493,831,45198202600
0.117592161,731,35551207100
0.117454375,756,11641929100
0.117218282,600837,2.32612E+11
0.11701364,600999,49901094900
0.116372392,601288,3.82509E+11
0.116161616,2742,821873800
0.116156283,2165,17727642200
0.115956392,300253,10118043600
0.115850144,2228,5726474700
0.115583804,58,24104408900
0.115204982,688,16825666300
0.115044248,2768,412139700
0.113854595,166,1.37346E+11
0.113756614,300159,13719528500
0.113480579,601158,23666645400
0.11329588,99,17117356800
0.113291139,600817,5803941300
0.112716763,603168,1135142100
0.112579281,601939,2.01979E+11
0.111966236,581,37522093100
0.111527648,300183,6713466900
0.111059154,755,26886300600
0.110320285,300011,9256373200
0.11015625,300087,10514568200
0.109875905,911,17660413200
0.109643858,600866,37363979200
0.108882521,2236,20620175100
0.108527132,2758,241902900
0.108512629,300195,3347909600
0.108392603,600302,17504629900
0.108108108,300286,3058575000
0.107716209,2148,15984526600
0.10756148,600067,57995382200
0.106911142,600290,21221517900
0.106692532,2103,4807315000
0.106531882,33,18351434600
0.106214689,300303,11440566800
0.106167057,600815,43425215000
0.106007067,600891,15776841100
0.105804555,300002,37909850800
0.105684548,300096,13516158600
0.105407883,601933,29880793900
0.104582844,2267,14580097500
0.104362101,600115,96529275300
0.104062187,600195,14469956700
0.103787879,300034,7595871600
0.103515152,600151,49021354400
0.103477523,585,36549206500
0.103351955,300202,3796642100
0.103165299,300315,46363344200
0.103092784,600917,4661942800
0.102621723,2301,4739295800
0.102003224,600082,41227553900
0.101051277,589,35180361000
0.100979653,2038,17072889200
0.100952381,300212,5186993400
0.100833094,600033,74818243400
0.100659593,600037,41140753400
0.100578035,300313,3036126900
0.100553506,300069,1643605600
0.100397614,600864,31177455100
0.100068776,600029,1.69582E+11
0.1,300161,3974256100
0.09996242,600984,4676005300
0.099895942,300262,11111954700
0.099889012,601186,1.18788E+11
0.099590374,600094,18988359800
0.099124614,600207,24738001500
0.098181818,600011,63476767000
0.098128708,2056,17200304500
0.097905902,976,31201285100
0.097591888,601038,12490436500
0.097507331,300049,5189012100
0.097416577,2190,15337921000
0.097267971,600828,16140262700
0.097113885,600853,34839323600
0.09704142,601012,29119726600
0.096937651,606,30388632400
0.096799375,300089,3375595600
0.096703829,851,32853152700
0.096618357,2007,17596540600
0.096410256,300276,14148188100
0.096235353,600218,18340275800
0.095844253,2028,22509192700
0.095690285,300005,12367233200
0.095649669,600010,4.45421E+11
0.09561753,2735,677007200
0.095462581,570,26080314000
0.094855613,600800,46726521200
0.094759132,922,13700932700
0.094263087,552,31168264800
0.094253918,778,88642912600
0.094197952,2286,7810252900
0.094182825,300185,17383210600
0.094133697,600059,37182057500
0.09372237,300140,5699496000
0.093681917,300007,5328360900
0.093594699,153,15624024400
0.093395966,155,17929515800
0.093201261,2051,14857757400
0.093137255,2741,2668388300
0.093023256,300293,6309859300
0.092655367,2235,8420387900
0.092572184,630,2.74174E+11
0.092562745,795,21742769400
0.092535178,880,11012107900
0.092531705,2078,43922726900
0.091258405,560,9556269800
0.090833793,975,26582395200
0.09039548,300220,3442948700
0.090277778,603566,609420000
0.090107362,600811,1.05025E+11
0.089810017,300155,13125627200
0.089593767,600243,15538540900
0.089511258,2221,13711748400
0.089422586,929,10955319800
0.088760251,2114,9891486900
0.088596093,2062,14800213900
0.088565243,573,36916884200
0.088511809,900946,6531943400
0.087939698,603077,29264657800
0.087931413,659,63810029600
0.087719298,603009,924844000
0.087669683,2247,5879355900
0.087398904,600221,2.19409E+11
0.087351106,2251,10005198900
0.087323944,300224,8401269700
0.086913823,600187,59153742300
0.086863271,2203,19352986500
0.086787565,916,23229847100
0.086206897,300041,4158156300
0.08616188,300170,18443571200
0.085321101,300199,8482790900
0.085293419,89,44615243000
0.084728033,300281,3541060400
0.084694989,600275,25567563800
0.084462982,601100,3759779000
0.084394904,300112,6197767000
0.084225553,300032,10191291800
0.084002922,300056,14792845300
0.083783784,2285,22618819400
0.083488806,2081,24876292300
0.083014049,603003,4075243600
0.082988456,596,9381363000
0.082952319,623,49493309200
0.082750846,600072,30344212800
0.082515868,2266,58785528100
0.082399103,2238,8271157700
0.082379293,908,11330554700
0.08226691,300205,13431838400
0.082265678,735,81288951300
0.082191781,2191,29158496300
0.082067968,600988,11394329400
0.081919251,2272,13579731200
0.081395349,300052,12659337300
0.080965147,2210,14536616200
0.080777861,300075,6725907000
0.080597015,300067,14374138800
0.080291971,300208,17857266100
0.080291971,300203,4683085200
0.080246914,2298,13146052500
0.080174927,300055,15859862600
0.079990094,602,14693757000
0.079605414,600110,67305019900
0.079474775,300008,5363325100
0.079136691,603885,775726600
0.078973346,2136,11861859700
0.078698846,300284,6083229300
0.078366446,300301,12413991300
0.078140455,600266,42456767700
0.07793345,300177,11017740700
0.077649528,2183,26665761800
0.077419355,300288,4057443600
0.077051926,600186,62499472000
0.076443058,2040,9512893300
0.076355977,2198,14570749900
0.076331967,2174,3298769400
0.076185102,2250,14838493700
0.076056338,300246,4572159100
0.075630252,603589,1238090500
0.075622776,600315,12177417600
0.075430084,702,21358018000
0.075370121,2291,5478775700
0.075214427,686,63626027800
0.075051857,900918,4131758100
0.074849237,600284,30991893100
0.074534161,603766,8802388200
0.074392713,2131,25256289300
0.074391989,300024,19355917900
0.074252137,2211,11176924100
0.074001947,2129,40738777800
0.073534765,2009,15943252100
0.073369565,300210,2461109600
0.073109244,601890,23441818900
0.072970961,300072,13351766000
0.072304176,600882,17112817200
0.072207792,2187,6030695500
0.072107323,2226,16819437400
0.072065379,300074,17944960600
0.072057646,300124,7590789300
0.071907101,600076,23248754300
0.071493213,300146,7044446100
0.071428571,300166,9259947500
0.071187204,788,27333134700
0.071123755,300013,6187436600
0.070977918,600236,34499128900
0.070916905,600980,9796801900
0.070613409,600990,5480512800
0.070521862,300033,13851492100
0.070460705,300206,3292713000
0.070422535,2308,13563890500
0.07027027,603158,465060900
0.070032987,600213,9052650300
0.069856459,300259,8769506800
0.069630423,2216,11256539400
0.069620253,300162,9996109700
0.069353883,600873,53977297300
0.069252078,2091,12985926600
0.06881077,300058,26417227000
0.068564036,609,17335198700
0.068288854,2044,12921631800
0.068215892,548,32158075500
0.068133428,300018,5140719600
0.067985794,2172,18149892000
0.067758329,600825,43861956200
0.067680058,600982,23051297800
0.067661692,903,31013340700
0.067620286,669,8758875900
0.06710775,2112,8382093900
0.067033976,2084,16759628100
0.066936572,600287,21617320900
0.066874028,600898,19482530500
0.066681634,752,27921102800
0.066616766,300081,5460039000
0.066346922,300126,6019552300
0.06626506,2075,21350015400
0.066162571,300249,3357320300
0.066041946,88,53681787200
0.065780731,728,47404964300
0.065679926,300235,6066283700
0.065532766,2164,12851673800
0.065522621,22,10784611600
0.065400844,600036,2.84967E+11
0.064944649,300043,20092343400
0.06475801,300026,10711532100
0.064729194,2280,7778427800
0.06454389,300179,11266519800
0.064516129,715,9676388600
0.064481462,2214,14291897600
0.06443299,300107,8508393700
0.063914027,2268,11002632000
0.063829787,300020,13058501500
0.063281825,2317,11074959700
0.063135925,950,16552065200
0.063063063,2001,35166133300
0.062734082,2107,9932446600
0.062557498,300221,9762027300
0.062415806,2065,26481473500
0.062127976,600802,33063548500
0.06207352,779,11901514000
0.061723749,39,62294623600
0.061704212,600057,26210811600
0.061637534,876,37263833800
0.061518606,667,1.15802E+11
0.061438561,2154,35414776800
0.061396967,693,11424619000
0.06135402,300003,7614362600
0.06122449,300172,12210321500
0.060966811,2005,45948585600
0.060944206,300175,14542730500
0.060871336,900936,9743918600
0.060468451,859,35574252200
0.060422961,300091,3301936300
0.060418649,601007,9726860900
0.060240964,600979,29026708400
0.060103345,600242,10427971300
0.060064935,2223,11043549100
0.06004189,600162,38130775800
0.060027285,2303,16105918000
0.059976247,600317,1.13904E+11
0.059951592,600821,29847881200
0.059947456,600177,65805366800
0.059782609,300004,6887274700
0.059645853,300248,7260006800
0.059353471,600248,13496503600
0.0592744,2177,35983654400
0.058751027,590,14129256800
0.058736059,300085,10605085600
0.058500914,300233,3448593300
0.058139535,2732,1123756500
0.057772622,883,53481903000
0.057732388,600,19950195200
0.057729941,905,26282657800
0.057624113,601113,7727888500
0.057586837,300217,7202951600
0.057581574,893,13519247300
0.057438795,300254,3701639700
0.057196437,2116,9441575800
0.057142857,300130,4517739800
0.057142857,300173,6408769100
0.057093049,692,25474803700
0.056987788,300006,3841585400
0.056986729,300115,7240016800
0.056621005,300222,4379998100
0.056603774,600149,34646334900
0.056584362,2195,12547820500
0.056531704,600217,32650156600
0.05648855,600798,31665238500
0.056407719,923,12630017600
0.05638587,2312,18331153700
0.056338028,2757,509011600
0.056313993,300137,14537651000
0.05631068,300263,4412945800
0.056254451,600189,18596021500
0.056122449,2182,15896255100
0.056061987,600135,20923729700
0.055944056,601928,32448946800
0.055855856,601311,14224242100
0.055840039,750,62645325400
0.055837563,2305,12864969700
0.055645949,600039,1.01373E+11
0.055612245,2186,5217924000
0.055592766,2295,5598598600
0.055435565,300059,56203254600
0.055374593,300305,1683183800
0.055344958,300092,5243327100
0.055272109,601216,55974548400
0.054894785,300237,9688884300
0.054729012,600277,29838972100
0.054510058,2276,20464204800
0.054393305,601313,5583487700
0.054213898,2153,2738729600
0.05409154,300030,7353363900
0.053900088,776,64352498500
0.053807947,300152,33370536100
0.053753475,300247,8296122900
0.053665452,600879,60998015200
0.053473263,2170,27062517800
0.053465815,600155,17548084100
0.053362573,300076,6343012500
0.053351891,900952,5455200900
0.053233612,2064,53589959000
0.053191489,2246,9646097000
0.053171044,2275,3889541800
0.052672148,999,16403039000
0.052605703,2152,12474200900
0.052320675,300171,7717752200
0.052139037,2288,26543513200
0.051928783,2151,7997666800
0.051841746,600021,44525467800
0.051836827,793,62006519600
0.051451859,2185,29550085000
0.051165435,2271,18055485100
0.050933786,601137,1930279300
0.050793651,300132,7180882600
0.050603041,600235,15055174900
0.050554017,300028,12226739700
0.050505051,603018,521230700
0.05047619,852,16417237000
0.050337838,12,74996473500
0.050215983,2231,15334821300
0.049921177,993,17131547700
0.0499002,789,41746028500
0.049891068,786,42312604400
0.049890351,600312,33921926500
0.049757816,600109,98822961000
0.049689441,300036,6171643200
0.049615653,300047,9726634700
0.049408673,979,79894224700
0.049144362,2063,21127147300
0.049075391,2018,26200988600
0.048991354,300016,5953247400
0.048957389,300223,4811842500
0.048894299,600886,1.14012E+11
0.048857368,150,13504558500
0.048837209,830,55059827800
0.048767123,2252,23877478400
0.048715678,300147,10409738200
0.048539326,600120,26239921000
0.048430841,2048,26266774300
0.048387097,600830,39222839000
0.048266784,600099,11707192900
0.048259861,600170,97478586500
0.048132184,300064,12642743900
0.047817048,300291,7506364400
0.047715054,300012,6599439400
0.04770318,300165,5451538000
0.047507788,300120,5062181100
0.047505938,300134,9793505800
0.047416844,600962,12831582500
0.047377327,300141,3331567500
0.04735062,603128,15514325700
0.047277937,300039,15210106500
0.046979866,603718,794002200
0.046769632,720,56467368300
0.046545455,2311,9246046400
0.046535677,100,3.83937E+11
0.046528275,300057,6524410800
0.046428571,300186,3622480600
0.046363636,300239,6782220400
0.046315789,300054,6959734000
0.046128107,900,44931481600
0.045940171,300300,5717698000
0.045728643,2178,30144270200
0.045404208,300314,7168800800
0.045319022,600313,11619032100
0.045138889,2169,9886460500
0.04503632,600175,58729065900
0.044871795,600297,19760245400
0.044776119,2763,829640500
0.044722719,2002,11570560400
0.04442852,600978,45212879600
0.044413919,2100,18519673800
0.044157243,2230,31733596900
0.044065387,810,10727418700
0.044057377,2202,56748725300
0.044014085,300180,5282335600
0.043911272,2093,27145061900
0.043809939,723,20003962100
0.04379562,2201,8668163000
0.043734066,600874,41469739000
0.043669251,978,12972274100
0.043566176,21,52684616600
0.043506922,69,1.54473E+11
0.043441586,626,10815052800
0.043144775,600004,24349692300
0.043122677,300090,20607243200
0.043093923,300312,3468243300
0.043003711,600081,13891609700
0.042940794,600271,25904703300
0.042838019,600017,71636606400
0.042750929,300256,3609388300
0.04230423,300219,13771880200
0.042281219,906,11593876200
0.042235573,554,53148483400
0.042179262,300204,4164286800
0.041800643,300307,7135210800
0.041786744,2037,12024404400
0.041495668,2099,15033546900
0.041302766,546,15252120800
0.041262895,875,57896281300
0.040999781,783,1.40615E+11
0.040994053,60,1.07325E+11
0.04094579,2256,13799883500
0.040877797,600795,3.89485E+11
0.040711277,860,18504427900
0.040685225,300035,7104886700
0.040683074,2184,6906482400
0.040681693,2262,6086544800
0.040650407,2772,858560000
0.040583838,2013,25977565500
0.040421793,300163,10716825700
0.040409899,600871,46080645400
0.040399652,2060,24856209800
0.040399652,2066,11177950400
0.040350877,300193,11023378500
0.040336134,300178,13248436300
0.03980344,2163,26575208500
0.039776692,300053,8086555200
0.039760915,996,16295271200
0.039596067,600255,85581238400
0.039445629,2023,32320223800
0.039419087,300289,4821639500
0.039391845,300046,4190734700
0.039274924,2055,16865228600
0.03916309,2233,25786524600
0.039087948,300144,9781052400
0.038995373,2300,7470754900
0.038852914,601886,14398195100
0.038843722,600126,26030670800
0.038665656,300104,48121515600
0.038599641,300225,9831624900
0.038461538,2146,62666322300
0.038383838,593,16831974800
0.038257173,300304,4126558400
0.038167939,300311,6854457300
0.038162544,2022,21531194400
0.038038038,600900,1.2625E+11
0.037668161,300110,8185606300
0.03745229,900955,2908583400
0.03740374,2261,18982189800
0.037358818,768,78435040400
0.037136465,600009,45039289300
0.037135279,598,1.46273E+11
0.037082515,917,63704240700
0.037018126,971,11147933200
0.037010844,887,35554759400
0.036973048,600986,19155437900
0.036866359,300252,5643979000
0.036812074,600857,15879847900
0.036795048,600960,19918316500
0.036705461,300234,4634027900
0.036649215,2138,23034802800
0.036559554,50,34808249500
0.03647343,600185,21271968600
0.036448598,300261,4877607000
0.036281717,600167,8692827300
0.036240091,2041,41521096300
0.036079183,156,6624256200
0.036069114,600070,29480254300
0.035870516,300154,7528098200
0.035762789,600137,4578333000
0.035542747,300275,3579147200
0.035428571,603001,3011359300
0.035148425,900919,9439795800
0.03514377,601166,2.59349E+11
0.035058431,2270,8204699500
0.034995626,300131,7855004300
0.034945288,600983,14661101900
0.034758102,2134,8385291900
0.034564701,782,24569688800
0.034464475,600288,32788670100
0.03444649,600280,31010089400
0.03412132,600119,22657629800
0.034083163,600035,37105045900
0.034040325,972,35260802900
0.034021871,599,41293681600
0.033972337,600006,65076736100
0.033922261,600987,23011103800
0.033871289,600883,13330039000
0.033870968,600196,69487340400
0.033802817,2118,21252554100
0.033752482,300023,2455130100
0.033722438,2293,9013176700
0.033547466,901,25294036800
0.033464113,837,24442806500
0.03343465,300108,4482831500
0.033430233,300088,29925908700
0.033381713,2158,6165328900
0.033375315,2279,5125452500
0.033363719,600823,36549394300
0.033347494,600793,3829140100
0.033260632,2259,30279018000
0.033098209,550,15690855100
0.033006244,300231,13411001300
0.032967033,300021,11887509000
0.032936871,601222,4043240700
0.032928065,961,25045731300
0.032913165,600973,18462613800
0.032718894,2119,9366963900
0.032629559,2282,8107925000
0.032556093,600107,30449167300
0.032501076,748,42282789600
0.032442748,2050,29357852100
0.032370518,2180,5191504200
0.032258065,2776,491433600
0.032258065,600056,25805216600
0.032226078,2179,13708362200
0.031789282,600827,27918393900
0.031756757,600131,24333058800
0.031746032,2209,6106181100
0.031733746,300127,7226313400
0.031667385,625,1.08187E+11
0.031658928,600791,22823581400
0.031648258,600051,16616044200
0.031624341,2142,58629962300
0.031563126,2189,9011856900
0.031533575,812,29788016400
0.031479086,66,49718591700
0.031331593,300150,10152341400
0.031284183,839,71781037300
0.031277927,300243,5416203700
0.031219029,952,18517318100
0.031096912,600054,9068424600
0.031095861,712,29661465700
0.03109328,300283,5484812200
0.030678851,2290,5212359000
0.030643514,600232,17851054100
0.030618893,2294,11990606400
0.030585106,2079,31833387300
0.030582167,36,71890553200
0.030553262,300174,2332785000
0.030548068,300238,6874923000
0.030546624,2245,29237759200
0.030539456,600139,27381548700
0.030462941,915,11584075700
0.030451523,2019,12044725600
0.030426398,600097,6765005300
0.030408341,300181,13023915900
0.030403173,785,13332338100
0.030344828,600992,10034065900
0.029955067,958,17469035300
0.029885057,300106,4435302600
0.029738933,600152,21385330300
0.029644716,600161,20682323100
0.029572837,300317,2316708500
0.029565217,300198,7136965500
0.029552369,2067,67968257900
0.029543755,46,68413774000
0.029540481,2258,4157130800
0.029492455,300044,9809399500
0.029486636,1696,49159507700
0.029215359,900942,3475631200
0.029194513,2025,23575715700
0.029116118,600975,20678418300
0.029093718,600291,19971989200
0.029031526,600153,75778800200
0.028978508,90,25908387900
0.028895053,600180,14349429800
0.028731605,300010,14805708300
0.028717294,711,10985797400
0.028645833,300200,6230105300
0.028616852,2229,16033233200
0.028496042,2227,7632478100
0.028469751,300218,3123569100
0.028399006,27,81737554400
0.028382214,300265,5520616800
0.02833112,600104,1.00945E+11
0.028314028,777,34791869100
0.028311779,2016,22424547300
0.028229082,600897,9325646300
0.028174305,48,16226421800
0.028063611,300267,8444415400
0.027958993,2130,30497968600
0.027875146,7,13678789200
0.027850656,592,41517028700
0.027837259,300079,46680473300
0.027820711,300129,19113545200
0.027777778,603026,1215058700
0.027694611,300101,12763856200
0.027660572,861,52620482800
0.027651859,65,10406706600
0.027529762,300095,6520744400
0.027506655,300227,5814589900
0.027384325,300269,5127436000
0.027375201,300143,3142947100
0.027334434,600863,1.43861E+11
0.027332362,600820,82851398600
0.027272727,2046,15907856200
0.027166882,151,19786673300
0.027119537,998,68640885100
0.027111575,2008,63514040000
0.026973684,300014,13440464000
0.026885246,2284,12236141500
0.026851852,300260,2063280400
0.026850508,600146,14590119400
0.026850181,600157,1.654E+11
0.026804124,2220,9135537100
0.026760563,300051,17943568500
0.026694045,2217,13194754600
0.026685393,300063,3869028300
0.026678329,899,24335179000
0.026652452,300308,3783989400
0.026592022,300062,2187955300
0.026540284,300271,4845211900
0.026536313,300061,6502228100
0.026478056,600843,11306094000
0.026399155,726,28393388900
0.026391027,716,10915421200
0.026343971,797,20322233400
0.026251227,939,44726123800
0.026226158,600969,7998482200
0.026203807,600158,81798099200
0.026146503,668,5607662300
0.02611465,739,60498584200
0.026096033,2012,31046004700
0.026086957,603558,1408530500
0.025967413,2207,9803806100
0.025959978,600805,62469397800
0.025887377,600310,25348294000
0.025816087,600790,47144604400
0.025751073,2249,26113141800
0.02570922,300229,9905510300
0.025617566,900923,4360948600
0.025552108,561,29111031700
0.025471698,300264,9195739300
0.025263674,919,16723571500
0.025256849,600106,48693354000
0.025158658,821,24408571300
0.02498642,2263,27342958600
0.024972618,889,18519104200
0.024934383,300001,16075962900
0.024816573,816,65475180700
0.0247557,601888,8677492600
0.024726477,600112,31920134000
0.02472128,601169,1.46563E+11
0.024714829,300272,8141201100
0.024713584,1,3.10213E+11
0.024647258,900913,2731805800
0.024637681,656,59628808400
0.024630542,2176,50376187500
0.024578652,300050,4877129100
0.024533606,600278,15804666500
0.024491204,600985,12413658600
0.024489796,31,99648903600
0.024484536,900945,5223200100
0.024337245,697,15609530300
0.0243309,601098,14185219900
0.024252817,948,13767035900
0.024246396,300019,7377083400
0.024219024,28,9068569000
0.024096386,300114,3136591300
0.024064171,2254,15523812000
0.024026512,300176,1663804500
0.023872679,2242,14064579200
0.023841962,300025,5339813000
0.023784355,2232,14579040900
0.023745998,600305,9545694700
0.023724261,2098,12811466500
0.02367531,600148,7670298700
0.023668639,603008,4606947300
0.023638968,900916,5020146400
0.023599859,2035,17177251000
0.023484848,300117,7123568100
0.023380332,547,51683589200
0.023316062,300182,8339697100
0.023311307,566,30842680900
0.02331103,600118,47982656100
0.023305085,2244,39602452100
0.023181455,600893,33802970600
0.023139013,600804,76738074600
0.023071007,997,55725816200
0.022998296,600063,89621477000
0.022905983,600114,22737264000
0.02276019,665,11807077200
0.022677794,600841,7896761600
0.022646851,300068,17530639100
0.022633745,300292,3712127600
0.022576687,600222,23035414100
0.022558318,977,52231744600
0.022556391,300270,6551103100
0.022509579,930,87097131300
0.022452504,2068,24836617900
0.022441346,600976,9008642800
0.022371365,601299,85057462600
0.022259205,685,38483702900
0.022246337,600850,10151578600
0.022236341,2283,11752302600
0.022198953,600794,57078804900
0.022122953,600074,68549369800
0.022058824,300258,3783935400
0.022058824,601238,10215992500
0.022,2315,2707382000
0.021954674,300070,11408912900
0.021948161,690,70907652600
0.021747352,600869,32341807300
0.021646859,600048,2.40626E+11
0.021625164,600184,12891688100
0.021582734,2273,15417327300
0.021533161,300201,8582983100
0.021520803,2144,6307947000
0.021502836,885,15885028600
0.02143951,300128,7398391900
0.021411405,587,25917339100
0.02136007,2072,8257626200
0.02128666,600182,13873891100
0.021233052,600289,38449239800
0.021167415,600015,1.83375E+11
0.021130104,681,7450847300
0.021059349,600100,1.21579E+11
0.021059349,600103,59791595600
0.021,2197,18309775200
0.020957038,2017,19196970600
0.020956123,63,1.23075E+11
0.020895522,300103,6082643000
0.020846233,663,16362450500
0.020833333,300133,11826715800
0.020810985,600116,20231806100
0.020795425,600292,23001555500
0.020719219,926,37914883600
0.020704686,900927,3213008700
0.020633484,600847,4806781300
0.02059387,600211,6937292400
0.020490928,732,11800114000
0.020408163,600261,51174663200
0.020348837,650,42892810600
0.020300088,300211,2645170000
0.02027027,603598,629613300
0.020252499,600038,12205491100
0.020204168,600073,43437250400
0.020199872,733,22287811400
0.020189003,2059,14317439600
0.020165646,900925,6063746600
0.02006689,2157,13064850500
0.020031629,2234,9720945100
0.020010262,2219,27210228100
0.019972764,600133,36712136900
0.019952744,600270,24795470100
0.01993865,2215,16993338400
0.019888624,300151,9483853400
0.019818332,300138,2826507300
0.01975052,300299,5528040800
0.019709544,300296,8330161900
0.019649123,600007,13187907400
0.019643793,600016,5.57753E+11
0.019626616,2161,33641320100
0.019617225,2162,25454856800
0.019561479,868,43930466500
0.019467401,45,12185821800
0.019446522,300109,2315965900
0.019375673,2260,9927695200
0.019360269,2052,31775756700
0.019354839,2126,12262765500
0.019302949,900917,11406249100
0.019279279,545,42217838500
0.019265503,900938,10029870300
0.019211919,586,12123544300
0.019187126,661,8241763600
0.018995357,600064,35704576400
0.018966645,300015,10972729800
0.018938508,928,17074566600
0.018930184,23,9017650600
0.018925057,300121,4840723200
0.018918919,600834,16515157600
0.018898932,616,80391800200
0.018823951,600824,54975397700
0.018817853,600197,22391913500
0.018816539,900949,12211584600
0.01880531,600868,1.54859E+11
0.018796992,300116,9739695500
0.018790497,691,17425555300
0.018684313,582,9015597400
0.018672199,62,17755303100
0.018667245,791,14528761600
0.018660532,96,20987788400
0.018653021,16,1.04388E+11
0.018570338,987,10520346000
0.018534863,300241,5071095800
0.018424516,600872,47481411000
0.018421053,1896,11324528000
0.018416596,600086,63718578700
0.018408089,600285,36360565800
0.018392857,600814,17875370900
0.018390805,2125,5983062400
0.018386492,2047,21216179200
0.018274112,300290,6926180400
0.018237082,300122,2895316400
0.018226823,900940,5550757100
0.018156425,300040,7700047800
0.018132141,600229,27840892700
0.018104366,2253,4762709300
0.017869907,600803,22620573000
0.017824497,2124,8087171900
0.017805582,2141,6649184600
0.017804154,600101,20476926000
0.017769608,615,13824812200
0.017763158,798,15902554200
0.017676768,2206,9976116400
0.017669331,600060,59677925700
0.017621145,2274,15364409500
0.01754386,2111,8124621300
0.017359079,584,29501630700
0.017263265,600260,43078613400
0.017241379,2121,12544088300
0.017208413,600020,51741591300
0.017167382,300192,5303677600
0.017157941,2095,11808690100
0.017152256,600206,32373008800
0.017148014,900926,3208482400
0.017128357,828,22331424600
0.017123288,600098,38426866500
0.017037037,300100,4477264600
0.01698324,801,14266017900
0.016964447,565,38639303800
0.016914049,2011,26049692100
0.016829942,70,9952877800
0.016798167,600279,15273418700
0.016585158,738,26426757700
0.016525234,2101,5687047100
0.016296562,600835,29932596000
0.016292848,753,55980970700
0.016185785,2316,6540733200
0.016157989,2108,25985028000
0.016136468,2133,22208410000
0.016064257,300156,8785621400
0.015980025,966,19391717100
0.015957447,300245,11402169900
0.015883521,826,30014336400
0.015714286,2156,16447765300
0.015658062,796,17344210800
0.015640938,600993,16056302200
0.015498155,2042,20702436300
0.015465144,920,27568218700
0.015439856,600833,16703686200
0.015370705,300257,5782065400
0.015366972,722,19859747900
0.015246637,2096,7654609600
0.015115354,300145,2240536600
0.015078083,600838,37498150500
0.015011756,600862,42180139200
0.014967926,600806,23687933400
0.014892685,2089,25201309600
0.014816361,700,18455398400
0.014779625,600272,12616520500
0.014755198,300037,3946922900
0.01472909,2239,13785046200
0.014573213,2030,43996031500
0.014440433,2115,18546920500
0.014322658,600894,30583085700
0.014276716,600061,23648913100
0.014222222,2104,30912420000
0.01417004,300027,33461963200
0.014160486,300045,11286519100
0.014117647,601009,56700032900
0.014099108,600789,46961847700
0.014090097,600885,13631599300
0.01408756,600129,21786824800
0.013927577,2120,6349732100
0.013847676,300285,3280159600
0.013802315,2105,14560313000
0.013777062,600822,17443045300
0.013763353,632,34098247300
0.013731548,600981,19688070100
0.013675214,300187,3309960400
0.013669448,600807,37305662500
0.01357268,2087,17345128300
0.013496308,158,26359324800
0.013478486,600241,8002284700
0.013443269,600831,44976287900
0.013415893,2014,10921174700
0.013395847,300038,3908173400
0.013382747,678,19947548900
0.013369543,600797,70753958400
0.013365155,600212,35179301400
0.013362069,2074,14874695900
0.013192612,300236,2146389300
0.013169447,300240,5266050300
0.013130615,2020,10680448400
0.012984703,563,62495767200
0.012788982,2193,6165254300
0.012691466,719,7370015000
0.012683578,300031,8273426800
0.012671163,651,1.26674E+11
0.012649332,300073,4991157400
0.012647555,600093,26917256100
0.012646994,600156,21600255100
0.012646793,2117,8163261600
0.01257598,600055,10429617900
0.012549301,600851,55008593000
0.012516105,42,16830592900
0.012511333,900928,3818094500
0.012476008,600210,76387945100
0.012448871,600818,8728557700
0.01233982,2159,3826646800
0.012198287,600252,1.47082E+11
0.012195122,603636,689177000
0.012153709,600845,3905996700
0.012121212,600200,53388615600
0.012025902,2135,17090027700
0.012017336,591,16987420400
0.011925952,600826,19687121400
0.011878575,803,9190223000
0.011805556,2034,4857272700
0.011671088,900915,3103489300
0.011663808,2004,38626257000
0.011659193,300251,28323749600
0.011656037,790,32056031200
0.011648746,300250,2228986800
0.011647972,2076,13853497800
0.011598588,600240,63298838200
0.0115636,2181,25769666000
0.011501464,721,30687854000
0.011447261,300136,10625620800
0.011238251,627,73732693000
0.011209964,900920,9431137500
0.011140236,11,21436853000
0.011122697,2026,9399106000
0.011029412,2733,2131204900
0.011025792,600887,2.02783E+11
0.011017346,913,18486927600
0.010992908,551,32695921100
0.010936855,607,31037735800
0.010804598,600201,29515601500
0.01076779,600173,30427698400
0.01071573,610,15091724200
0.010598168,600855,27904697800
0.010526316,300119,5167232700
0.010472323,628,14942272200
0.010347247,29,34715476400
0.010294711,900941,7682480700
0.010291595,836,19514857400
0.010110294,300268,2071476200
0.010103136,600088,20220767900
0.010001613,9,1.19419E+11
0.009892828,14,23506738500
0.009883199,600829,20304629900
0.009860165,600856,16946216100
0.009808853,600130,50893695500
0.009803922,2049,16619990900
0.009728341,40,29300330600
0.009727626,300279,3183584700
0.009712105,600965,24147992900
0.009699321,938,13898667600
0.009667025,600846,59756258700
0.009650181,757,15355365000
0.00962963,2043,25423691000
0.009619897,600193,33893533400
0.009570495,600176,31763648000
0.009567388,600796,24491184300
0.009450945,2113,5536892400
0.009377664,300207,10707745100
0.0093412,2192,5396192200
0.009330906,600183,58340265100
0.009263774,953,13891487500
0.0092257,6,98702649300
0.009163103,631,27344620000
0.009092706,55,39242183100
0.009055627,2299,11007200600
0.009053498,601011,12962673200
0.009046741,17,12607628100
0.009021758,559,1.17399E+11
0.008955927,910,16295867500
0.008944544,2090,6772941900
0.008888889,600836,30021246500
0.008866995,2196,4457624100
0.00886194,2139,11127291100
0.008817204,600138,40097776500
0.008808725,600090,23891459400
0.008801341,2057,10641167200
0.0088,300158,2679861200
0.008739985,955,29068693400
0.008646245,967,9230155600
0.00856898,300213,3195200800
0.008567145,600113,24081707000
0.008557712,605,3496751400
0.008555872,600247,28065759400
0.008445016,43,33133694000
0.008369147,600171,41878857900
0.00834065,2085,15874749300
0.008324662,2036,12709723800
0.008317025,600238,31703631500
0.00831676,37,14464733100
0.008271853,856,13089291200
0.008250109,2086,12420208400
0.008235536,61,58992876500
0.008194906,811,23344335800
0.00818468,819,10003192100
0.008171842,909,17874742700
0.008098805,619,21388512700
0.008076095,600848,11331971300
0.008068583,989,15918997000
0.008064516,985,4234835400
0.008061689,2033,15495420400
0.008031088,600306,9134645600
0.007998,600233,10521473800
0.007994518,78,51101589500
0.007950225,2032,6294814000
0.007868383,936,34398052500
0.007863248,2010,16306994400
0.007851054,815,21164479200
0.007801073,2175,6197925300
0.007796781,600301,10270508100
0.00770994,705,22787486600
0.007607192,2031,23772037200
0.007592859,673,8192216000
0.007566204,762,35816806600
0.007511737,2143,6389663700
0.007478632,600105,25078645800
0.007436967,600865,17891497700
0.007356123,802,23428242200
0.007322176,300309,5302179400
0.007302946,600234,11911025500
0.007257384,19,12108941300
0.007246377,2766,1007659400
0.007233273,600012,22375398000
0.007224959,5,57863635800
0.007101356,300017,20944720800
0.007095159,2054,12903693900
0.007027027,558,32249517400
0.006990132,900943,2493977600
0.006928406,600876,12696193400
0.006868132,26,14953704900
0.006856431,10,27184645400
0.006851722,900914,3926882200
0.006824386,2127,10982250500
0.006819374,32,14849560800
0.006811302,900957,5190600400
0.006717421,881,16622161400
0.006666667,603023,509506100
0.006593407,300099,3005148200
0.006589786,902,13076729100
0.006573181,68,25807874800
0.006549325,638,16339907700
0.006521739,2039,8018844700
0.006499902,600895,53483960900
0.006496752,2213,6937665200
0.006483999,695,14070926800
0.006430868,603010,563380000
0.006388642,900924,6050854100
0.006342495,300310,3968917000
0.006287844,670,29004947300
0.006212315,576,23867760500
0.006204757,2027,15885623000
0.006102877,300242,3222041100
0.00606314,600079,50718815200
0.006039255,600262,8085710000
0.006009873,900950,20966385600
0.005968665,973,66143164400
0.005889521,639,16478973600
0.005748563,600257,39217092600
0.005735661,988,46352753200
0.00569409,600889,21898117700
0.005693235,600967,36277986800
0.005547565,662,17694874100
0.005498282,300065,8530548100
0.005481955,820,13916278400
0.005440469,600071,17650822900
0.005387378,600276,24015172800
0.005343022,848,22251127100
0.005238345,600250,10303130700
0.005215124,49,19247070600
0.005188067,2080,8805248600
0.00509165,300294,3327349900
0.005084746,300188,8749291800
0.005054432,600884,29451332100
0.004977376,600179,23039743800
0.004886988,676,14553654200
0.004878049,600209,40357418900
0.004764252,18,4145193000
0.004722121,600867,64221791900
0.004721435,300277,2260714000
0.004679144,300048,7856568300
0.004653045,611,21713316800
0.004612546,2137,11011352500
0.004596192,600122,49050419300
0.004589495,600283,17799241000
0.004473873,600861,20045161700
0.004393459,957,17251199200
0.004363636,300097,4669814200
0.004344049,300215,9189682000
0.004333268,600896,33448534700
0.004294918,555,12122775900
0.004271223,2264,13644127300
0.004263382,900956,3432251000
0.0042337,300113,5113404600
0.00422833,300083,3193267200
0.004217088,900930,3490580300
0.004201681,2739,1954090100
0.004176611,56,11904206200
0.004151962,718,62975543900
0.00413413,890,23597337400
0.004027829,900929,1528274700
0.004014599,600832,76382922700
0.003959158,600066,51606826100
0.003843382,600000,2.88134E+11
0.003809524,2173,7299350000
0.003761894,900953,7147288000
0.003760745,600860,12137276400
0.003679853,900932,9294653300
0.003629377,888,17681097400
0.003610108,600303,44156225500
0.003540718,2222,12093004600
0.003416467,2021,32462877400
0.003384095,300160,3254147400
0.00334728,2058,7198754700
0.003325942,2045,18138813400
0.003322259,300042,3563565200
0.003284072,835,28248039900
0.003266332,990,10343657700
0.003136531,900934,3883005400
0.003080082,300302,3726417900
0.00298359,2208,10130772100
0.002982531,2070,20662399400
0.0029359,20,10800971500
0.002599653,300214,6880487300
0.002597403,603006,694071700
0.002512037,760,24769603100
0.002511989,892,14396434400
0.002503651,600085,39188114500
0.00248139,2188,6731736700
0.002398082,25,9166995800
0.002383384,2003,11817758900
0.002377556,2166,30872815800
0.002312521,8,48127206800
0.002222602,24,55751629800
0.002203048,600816,89512601500
0.002054795,300066,7143711100
0.002040816,679,17803504700
0.001932367,300282,3085945300
0.001902346,2292,22365117800
0.001875,2281,3936585300
0.001790688,900939,2587246900
0.001761804,900922,1679250500
0.001735358,2094,13575952500
0.001733102,600136,6962040000
0.001731602,300230,1943622600
0.001692047,300153,5366524200
0.001692047,300191,6998923100
0.001687154,600226,41970557300
0.001489573,2205,5036243400
0.001430323,671,1.32287E+11
0.001389854,300078,8048194000
0.001384083,300071,14209370100
0.001279863,900951,3393564000
0.001128923,600172,32434775500
0.00101833,300297,24525763700
0.000998004,2212,13581019300
0.000980873,2199,9582737900
0.000968054,4,7819109400
0.00089222,567,13803173100
0.000865801,300232,4234313400
0.000844595,300196,1805149800
0.000754907,600265,6860729100
0.000747943,300098,11381124600
0.000719424,300093,5800123700
0.000705467,564,21453732100
0.000664452,600160,71579353100
0.000658472,600165,39449264200
0.00065331,806,45198132200
0.000642261,300009,8293970300
0.000625782,600083,9189475300
0.00062383,2287,2782780300
0.000621247,38,2752849200
0.000618812,710,7943137100
0.000609385,2278,9331498600
0.000570342,900935,2964513700
0.000512558,2224,15133640400
0.000484614,963,9779796900
0.000412882,766,24374088500
0.000409082,613,12817663600
0.000398963,601,44637011300
0.000319234,2,4.52426E+11
0.000229991,622,8491134900
0.000226142,600191,21238200400
0.000208333,838,7714153900
0.000206868,600053,11977646700
0.000205761,687,32549051100
0.000205592,701,24954132600
0.000202758,666,22905573800
0.000195542,600892,2950654200
0.000184638,34,20178704700
0,805,693942300












































































































































































































































































































































































































































































































































































































































































































































































































































































































































































































































































































































































































































































































































































































































































































































































































































































































































































